case,hot_water_inlet_temperature_c,hot_water_inlet_pressure_kpa,hot_water_outlet_temperature_c,hot_water_outlet_pressure_kpa,hot_water_volume_flow_lpm,cooling_water_inlet_temperature_c,cooling_water_inlet_pressure_kpa,cooling_water_outlet_temperature_c,cooling_water_outlet_pressure_kpa,cooling_water_volume_flow_lpm,pump_speed_rpm,expander_speed_rpm,charge_kg,ambient_temperature_c,pump_inlet_temperature_c,pump_inlet_pressure_kpa,pump_outlet_temperature_c,pump_outlet_pressure_kpa,evaporator_inlet_temperature_c,evaporator_inlet_pressure_kpa,evaporator_outlet_temperature_c,evaporator_outlet_pressure_kpa,expander_inlet_temperature_c,expander_inlet_pressure_kpa,expander_outlet_temperature_c,expander_outlet_pressure_kpa,condenser_inlet_temperature_c,condenser_inlet_pressure_kpa,condenser_outlet_temperature_c,condenser_outlet_pressure_kpa,working_fluid_mass_flow_g_s,expander_torque_n_m
1,64.974833333333507,185.03948333333335,60.418500000000421,178.00668333333351,15.027966666666707,20.476999999999975,175.55980000000002,23.773499999999977,145.71576666666675,17.315107333333287,209.1408000000001,2998.9040000000018,3.5,19.98500000000007,20.615666666666904,149.0959666666665,20.940666666666587,434.31768333333315,20.894499999999777,417.27311666666651,64.155999999999693,412.03826666666691,62.899666666667365,400.12643333333295,41.000333333333096,152.78764999999999,40.005166666666419,146.77775000000003,20.771666666666668,147.20983333333331,19.563925925925918,0.54734999999999989
2,64.962000000000202,183.97066666666669,60.441500000000296,177.18690000000004,15.026966666666743,20.470166666666636,174.59083333333345,23.748333333333356,144.80118333333334,17.292023333333301,207.4528333333331,2999.5719999999992,4,20.115666666666637,20.4514999999999,151.66786666666658,20.693833333333497,432.87258333333324,20.668833333333506,415.98943333333347,64.023666666666486,410.90119999999985,62.795166666666667,398.87236666666684,40.832833333333276,154.52141666666679,39.768333333333452,148.59639999999993,20.591166666666595,149.36096666666666,19.452865740740748,0.53340000000000065
3,64.964833333333573,184.09205000000009,60.460666666666924,177.03696666666647,15.026100000000088,20.487333333333314,175.53816666666685,23.736500000000031,145.51910000000024,17.278567333333353,205.50041666666644,3000.1540000000032,4.5,19.781833333333225,20.4008333333331,155.10683333333321,20.784999999999815,433.51759999999985,20.766999999999804,416.47963333333365,64.122166666666047,411.4811833333336,62.875000000000483,399.79713333333331,41.438166666666596,157.15891666666661,40.370833333333458,151.4124166666665,20.54283333333332,152.27446666666654,19.300439814814819,0.50748333333333306
4,65.087333333332666,183.87228333333346,60.639333333332956,176.92589999999981,15.028966666666687,20.476666666666649,174.86196666666692,23.745999999999977,145.12066666666678,17.334885333333304,202.5169999999998,2998.1689999999953,5,21.658000000000104,20.498166666666659,163.27005000000008,21.100000000000225,434.47803333333331,21,417.29570000000018,64.239500000000319,412.40241666666702,63.03716666666643,401.11591666666698,43.251333333333456,162.77708333333328,42.192000000000363,157.38764999999984,20.56366666666662,159.46749999999997,19.128541666666653,0.41971666666666602
5,64.950833333333605,183.77716666666663,60.487833333333441,176.58898333333335,15.029316666666697,20.504333333333335,175.09971666666655,23.763833333333352,145.24479999999994,17.37853999999999,202.57163333333344,2998.5739999999955,5.5,20.332666666666576,20.48766666666663,168.71746666666681,21.123833333333597,433.63098333333352,20.899999999999775,416.50208333333336,64.16133333333309,411.68394999999981,62.904166666667358,400.30939999999987,43.28583333333335,167.41739999999999,42.164333333333836,161.95741666666646,20.56733333333327,164.84210000000024,19.128861111111103,0.40159999999999751
6,64.938666666666904,183.97610000000009,60.459666666666926,176.92323333333303,15.02788333333339,20.520000000000003,175.53195000000008,23.765833333333291,145.51063333333337,17.379719333333313,202.4069666666667,2998.2539999999926,6,20.075166666666799,20.403166666666458,175.08018333333322,20.999500000000001,433.95018333333365,20.806666666666516,416.88639999999992,64.111166666666037,411.66381666666666,62.877333333333823,400.43076666666639,43.889500000000076,172.40096666666676,42.700500000000432,167.46883333333344,20.547499999999939,171.07000000000014,19.127532407407386,0.36304999999999965
7,64.998166666666805,184.05576666666673,60.651499999999615,177.11048333333358,15.031133333333349,20.481999999999996,175.70231666666658,23.69850000000006,145.74758333333352,17.311317999999996,197.77273333333329,2999.0259999999971,6.5,22.101500000000051,20.5,185.19740000000002,21.101000000000226,432.6737500000001,21.100000000000225,415.76131666666635,64.123999999999356,411.31020000000012,62.908500000000679,400.17881666666642,45.846333333333341,181.03501666666651,44.60466666666639,176.76826666666659,20.566999999999943,181.48701666666676,18.733541666666675,0.25518333333333365
8,75.025666666666709,182.79646666666676,68.810666666667075,177.46538333333319,15.030300000000038,20.565666666666694,175.54481666666709,25.013000000000016,145.61283333333341,17.312458666666597,277.61591666666641,2997.9919999999911,3.5,20.389666666666646,21.496499999999987,153.14471666666657,21.930333333333206,578.70926666666639,21.777999999999796,555.14786666666566,74.184833333332548,548.58370000000116,72.930000000000632,532.76561666666646,45.741000000000021,163.36385000000024,44.695500000000244,153.67296666666661,21.622666666666689,152.78690000000014,26.124888888888901,1.0918666666666728
9,75.021333333333246,181.96974999999975,68.814333333333451,176.71419999999981,15.031633333333357,20.506833333333351,174.57078333333331,24.983666666666672,144.68895000000006,17.286957999999963,276.51153333333315,2998.7769999999982,4,21.145166666666768,20.94799999999989,154.79040000000001,21.351166666666526,579.26281666666671,21.318166666666549,555.52504999999928,74.111666666665997,548.70833333333383,72.891166666667488,533.2723166666666,45.707333333333445,164.01673333333335,44.655333333333694,154.41401666666667,21.071333333333346,153.79631666666668,26.090967592592598,1.0954666666666717
10,75.058166666666537,181.67138333333338,68.874333333333709,176.28515000000024,15.029016666666712,20.544333333333348,175.48476666666684,24.963333333333331,145.51306666666676,17.28947133333337,273.28724999999986,3000.0620000000008,4.5,19.969499999999982,20.650500000000161,157.4814999999999,21.065500000000224,578.97140000000047,21.009833333333368,554.09366666666631,74.218333333332808,547.76091666666696,72.952833333333857,532.34023333333369,45.704666666666711,165.41576666666649,44.615833333333704,155.94551666666675,20.772333333333336,155.62454999999986,25.834791666666703,1.0779666666666694
11,75.166499999999601,181.69076666666686,69.065666666666445,176.39223333333342,15.032066666666697,20.536833333333345,174.87278333333322,24.967999999999964,145.14328333333313,17.344165333333276,268.41066666666688,2997.9709999999959,5,21.67516666666674,20.508333333333351,163.90493333333325,21.272833333333125,575.4873,21.077166666666898,552.89099999999962,74.315999999999832,546.62999999999931,73.091499999999385,531.58311666666725,46.731833333333476,169.94761666666639,45.632500000000285,160.85873333333328,20.6391666666666,161.10366666666673,25.557754629629652,1.0129166666666634
12,74.912666666667022,181.31074999999996,68.743833333332873,175.79658333333356,15.029933333333371,20.542666666666701,174.94458333333313,24.987333333333336,145.17666666666676,17.40090866666667,270.42456666666669,2998.0149999999926,5.5,20.428666666666622,20.502833333333342,168.64634999999998,21.298666666666488,578.39213333333362,20.999666666666666,554.47474999999974,74.126833333332655,548.37439999999924,72.890000000000427,533.21663333333379,46.768833333333305,174.03871666666674,45.701000000000356,165.16870000000003,20.628666666666589,166.11355000000003,25.766263888888844,1.0047999999999973
13,74.96016666666695,181.71689999999987,68.790666666666837,176.38356666666675,15.029450000000049,20.569000000000031,175.43634999999986,24.990333333333343,145.46701666666669,17.389888666666675,269.43840000000023,2998.0249999999942,6,20.344666666666562,20.5,175.15791666666661,21.145666666666902,576.79561666666734,20.984999999999999,553.4031499999993,74.157499999999303,547.00938333333329,72.903666666667462,531.92001666666715,47.28850000000012,179.23338333333328,46.164333333333545,171.02615000000009,20.60299999999992,173.01274999999993,25.702629629629644,0.96871666666667144
14,74.979833333333588,181.9328499999998,68.922833333333884,176.62204999999986,15.033983333333373,20.536666666666676,175.61116666666655,24.938999999999961,145.71674999999979,17.330979999999972,265.47769999999997,2998.7379999999976,6.5,22.077000000000069,20.504166666666677,183.45113333333339,21.205666666666762,576.43925000000013,21.178833333333529,553.20248333333291,74.086666666665991,546.94160000000011,72.891166666667459,532.41438333333372,48.219833333333234,185.67449999999971,47.125499999999697,178.02686666666662,20.607333333333255,181.0588166666667,25.372319444444464,0.90711666666666479
15,74.960000000000448,180.77748333333352,68.938333333333986,175.38951666666662,15.029050000000058,20.589500000000054,174.63215000000002,24.927333333333308,144.55136666666667,17.339293333333288,261.84724999999997,2999.8760000000029,7,21.096166666666782,20.516333333333385,198.14566666666659,21.182000000000187,575.91498333333288,21.003333333333345,552.98394999999937,74.132666666665884,546.7582000000009,72.906500000000833,532.41643333333298,49.185333333333247,198.1044499999999,48.043166666666174,191.32526666666652,20.618166666666593,195.54051666666672,25.042324074074081,0.76619999999999955
16,85.024666666666491,181.56478333333328,76.803333333333782,176.74536666666668,15.033033333333343,20.734166666666685,175.41288333333333,26.621500000000022,145.48826666666662,17.312651999999979,361.83096666666665,2997.0159999999896,3.5,21.158999999999946,22.987833333333349,160.37211666666673,23.560666666666766,752.72036666666668,23.399333333333093,719.30768333333276,84.234833333333867,713.50951666666617,82.967166666666813,689.08261666666692,51.996666666666371,179.07006666666686,50.850000000000371,163.83651666666674,23.168999999999997,161.10289999999995,33.842245370370392,1.6888333333333361
17,85.029666666666415,180.6218333333332,76.771833333333873,175.93973333333332,15.033583333333397,20.640666666666672,174.48061666666686,26.58016666666672,144.49291666666676,17.302347333333287,361.76533333333356,2997.6059999999966,4,21.287166666666593,22.286999999999964,160.74669999999992,22.855666666666476,758.70958333333238,22.700000000000212,722.55998333333287,84.154333333332588,716.10414999999887,82.935166666667044,693.20693333333315,51.79350000000003,179.33233333333339,50.674500000000457,163.96468333333351,22.454000000000008,161.3897166666668,34.024944444444436,1.7168666666666821
18,85.046166666666181,180.74183333333349,76.637666666666092,175.75800000000018,15.030616666666686,20.703166666666689,175.35021666666688,26.717000000000006,145.47803333333331,17.289355333333319,364.58696666666714,2999.5950000000003,4.5,20.698333333333345,21.745666666666722,162.9036333333334,22.221500000000056,757.90121666666698,22.170666666666875,722.20231666666598,84.269166666667388,716.14718333333246,83.042666666665994,691.79051666666669,51.964999999999854,181.05018333333325,50.809166666666727,165.69978333333344,21.877500000000008,162.95161666666664,34.424203703703697,1.7163333333333484
19,85.116833333332551,180.68014999999988,76.814333333333821,175.84693333333362,15.034433333333354,20.690666666666662,174.8355333333335,26.721166666666665,145.03835000000001,17.360714666666635,357.87420000000003,2996.5469999999896,5,23.51483333333346,21.080500000000193,166.73575000000022,22.028500000000097,755.85976666666625,21.799999999999809,720.39261666666641,84.386000000000578,714.42120000000034,83.21716666666677,691.28056666666657,52.615666666666584,183.17790000000008,51.566999999999588,168.4576333333334,21.143166666666712,166.15728333333331,34.107203703703689,1.7082166666666843
20,84.968333333333746,180.38634999999994,76.573833333332971,175.31098333333298,15.031083333333369,20.73850000000002,174.89386666666638,26.778166666666586,145.1237333333334,17.423741333333378,358.37200000000007,2997.498000000001,5.5,20.98133333333335,20.895833333333112,170.37169999999989,21.70316666666681,754.98173333333341,21.393833333333106,719.1716666666656,84.223999999999464,713.90083333333371,83.023666666666784,689.74183333333337,52.400166666666763,185.92626666666675,51.255833333333257,171.67059999999981,20.978666666666669,169.69503333333333,34.201981481481468,1.6743499999999949
21,84.990500000000097,180.65946666666653,76.563333333332963,175.64631666666656,15.031350000000044,20.734500000000036,175.36458333333337,26.787499999999941,145.44935000000001,17.398743333333318,358.5131166666668,2997.9959999999933,6,20.831999999999933,20.734333333333367,175.54733333333348,21.474,755.95311666666578,21.270999999999784,719.77173333333246,84.244333333333643,714.35598333333382,83.009166666666644,691.93495000000007,52.651833333333336,189.90148333333329,51.4686666666665,175.77300000000014,20.854333333333365,175.05908333333349,34.223236111111142,1.6501166666666551
22,84.957500000000465,180.75765000000007,76.770166666666398,175.98074999999983,15.03480000000005,20.672333333333341,175.58553333333333,26.609166666666763,145.61081666666675,17.355900666666539,350.71021666666684,2998.1429999999955,6.5,22.237333333333265,20.699833333333498,181.94441666666665,21.5,754.1963999999997,21.369666666666458,720.61460000000022,84.122499999999462,714.83649999999955,82.927833333334078,694.44308333333356,53.040333333333209,194.00668333333331,51.906666666667157,180.88464999999999,20.776333333333334,181.42549999999991,33.469000000000051,1.5900833333333417
23,85.01383333333348,179.54633333333322,76.883500000000552,174.67574999999977,15.031266666666703,20.718166666666679,174.59131666666678,26.577500000000068,144.50951666666657,17.35191799999992,345.10183333333333,2999.0699999999979,7,21.386166666666551,20.700000000000163,198.98573333333337,21.401833333333112,752.68106666666654,21.265499999999765,719.40144999999859,84.230833333333024,714.25438333333364,83.014000000000138,693.97928333333346,53.939000000000036,206.90666666666669,52.792833333333057,195.27863333333343,20.786666666666669,197.84668333333343,33.01145370370368,1.4764666666666746
24,94.929666666667046,179.68934999999999,83.579499999999442,175.18363333333326,15.036416666666703,20.977833333333336,174.81238333333374,29.253666666666675,144.82726666666667,17.368041999999971,487.65096666666648,2996.9359999999933,5,24.644833333333388,23.376833333333323,173.69891666666675,24.323499999999779,980.81876666666608,24.032000000000135,924.6172999999992,94.094166666666112,916.5970166666666,92.909166666667304,884.28683333333481,60.086999999999726,208.0564333333333,58.93250000000063,184.00199999999975,23.458333333333343,178.5485666666668,46.050592592592579,2.4193000000000113
25,94.982833333333474,179.5101499999999,83.448500000000465,174.48144999999985,15.032816666666696,21.079333333333349,174.88548333333335,29.372333333333287,145.03911666666673,17.444447333333351,488.09149999999966,2997.2129999999938,5.5,21.714000000000048,22.743666666666662,176.37073333333336,23.618500000000278,985.16503333333196,23.231999999999712,927.80295000000046,94.038833333333301,919.30973333333407,92.822500000000588,886.56693333333362,59.782833333333379,209.58449999999988,58.507000000000275,185.62461666666678,22.870333333333331,180.24893333333327,46.264226851851888,2.4009666666666822
26,95.010666666666609,180.02233333333285,83.535999999999575,175.19639999999981,15.034066666666702,21.074499999999979,175.31670000000028,29.356833333333253,145.34591666666665,17.400444666666619,479.95609999999988,2997.8759999999984,6,22.00616666666674,21.903333333333123,179.40521666666683,22.799833333333119,982.96226666666621,22.600000000000232,924.40663333333328,94.218666666666522,916.37249999999995,92.975500000000125,883.95006666666598,60.082833333333014,210.61383333333333,58.804666666666783,187.23018333333329,21.993500000000001,182.52510000000009,45.705384259259226,2.370166666666659
27,95.034166666666223,179.57784999999998,83.530666666666292,175.23263333333301,15.036533333333379,21.017333333333344,175.54068333333316,29.367166666666581,145.4535666666666,17.373725999999966,482.34928333333374,2997.8749999999973,6.5,22.838999999999874,21.543833333333406,181.80010000000016,22.534833333333406,986.39514999999938,22.299999999999798,926.88519999999926,94.14916666666609,917.81726666666623,92.951500000000237,886.09578333333332,60.316333333333631,213.12230000000008,59.046166666666139,189.60438333333326,21.612000000000052,185.39123333333325,45.949638888888892,2.3684666666666656
28,95.064666666666412,178.63478333333322,83.548833333333064,173.92411666666675,15.034033333333381,21.106833333333341,174.44250000000011,29.420833333333317,144.44831666666664,17.376587333333308,478.37751666666622,2998.9859999999981,7,22.246333333333286,21.300999999999821,188.47109999999989,22.124500000000257,982.13578333333294,21.97483333333334,926.63829999999905,94.265666666666363,917.70605000000035,93.05283333333297,886.23614999999927,60.568999999999733,217.55105000000003,59.304666666666769,194.95494999999968,21.375499999999978,191.78903333333321,45.691129629629685,2.3211833333333169
29,95.003333333333103,179.2535166666668,83.431666666667084,174.80215000000007,15.032916666666702,20.98733333333336,174.89393333333356,29.378833333333247,145.08981666666662,17.289838666666661,486.63175000000047,3000.2050000000027,7.5,21.724166666666704,20.996833333333331,199.50853333333333,21.575833333333559,985.96263333333263,21.597666666666896,928.56306666666524,94.004333333333264,919.38414999999964,92.786333333333971,886.82218333333321,60.583999999999662,225.97266666666687,59.376166666666784,204.17563333333311,21.097000000000055,203.02001666666669,46.216986111111098,2.2982833333333104
30,64.909666666667192,184.78311666666673,60.323833333333312,177.85571666666669,15.027316666666747,7.9528333333333334,175.63713333333354,11.36583333333334,146.11311666666646,16.92155399999999,191.54679999999954,3002.190000000001,5.5,19.199999999999999,8.4449999999999967,112.72151666666667,9.6010000000000559,410.80660000000006,10.300000000000111,392.76804999999996,64.11049999999932,387.88898333333304,62.836000000000048,376.18944999999985,37.05849999999991,112.37318333333334,36.115333333333702,104.75566666666658,8.2386666666666581,108.60831666666668,18.704587962962943,0.72940000000000704
31,64.940166666667025,184.85745000000006,60.438166666667023,177.88318333333339,15.028866666666715,11.979333333333333,175.83118333333331,15.292499999999976,146.11043333333333,17.247203999999954,191.7420666666664,3003.9360000000042,5.5,19.498000000000037,12.186499999999874,126.59634999999977,12.964000000000039,410.02183333333295,13.238166666666656,393.13198333333384,64.131166666666303,388.29276666666681,62.878000000000547,376.71165000000002,38.862166666666674,125.9037499999998,37.865500000000232,119.11599999999996,12.171333333333308,122.40138333333324,18.605152777777775,0.64044999999999519
32,64.93016666666685,184.9256666666665,60.516666666666488,177.86761666666661,15.02908333333338,15.992333333333315,175.92603333333312,19.209500000000016,146.14503333333323,17.476211999999975,192.28161666666637,3005.5060000000053,5.5,19.879499999999936,15.957333333333349,142.29845000000006,16.402166666666652,410.70586666666634,16.311833333333311,393.82139999999998,64.115999999999246,389.022316666667,62.875666666667023,377.50591666666662,40.969666666666541,141.44551666666675,39.88450000000006,135.36886666666675,16.104999999999965,138.15848333333327,18.505870370370364,0.52073333333333138
33,64.924000000000404,184.87388333333342,60.604333333332931,177.80010000000013,15.029816666666703,20.122166666666701,175.93639999999962,23.244333333333362,146.16448333333321,17.434384499999918,192.93559999999971,3000.7929999999997,5.5,20.004833333333419,19.821333333333207,160.87253333333337,19.983500000000223,411.8517833333338,19.555999999999884,395.16856666666655,64.100833333332815,390.40110000000004,62.840833333333514,379.26060000000001,43.371666666666741,159.61009999999999,42.161500000000103,154.2551000000002,20.171166666666622,156.41454999999991,18.404125000000015,0.36526666666666641
34,64.951500000000493,184.92354999999992,60.720166666666834,177.80373333333324,15.029883333333357,24.055166666666665,176.02159999999989,27.096000000000043,146.17206666666667,17.66662950000001,193.45828333333304,2999.0879999999988,5.5,20.371999999999911,23.646000000000342,181.03261666666674,23.634833333333567,415.14321666666632,23.02666666666692,398.83518333333319,64.101666666666063,394.20046666666644,62.837833333333244,383.3752166666664,46.097999999999971,179.49648333333309,44.795166666666809,175.22078333333337,24.052166666666636,176.86453333333347,18.274555555555576,0.19373333333333342
35,74.968333333333575,182.85300000000007,68.59583333333272,177.41016666666664,15.03330000000002,7.9815000000000058,175.3760166666666,12.726833333333353,145.62386666666654,16.835480999999955,259.40801666666653,3004.356000000008,5.5,22.343999999999916,8.4999999999999982,111.38448333333343,9.8010000000001067,556.86028333333286,10.518333333333331,532.45136666666701,74.227000000000118,526.11663333333365,73.070499999999498,510.85083333333301,43.013999999999733,120.37611666666666,42.071333333332952,107.27444999999999,8.284833333333335,109.02608333333333,25.412175925925908,1.2747166666666532
36,74.992000000000033,182.7708333333332,68.74816666666635,177.29683333333318,15.033966666666686,12.009,175.55486666666673,16.613333333333376,145.76883333333328,17.192213999999968,259.62558333333334,3004.4930000000081,5.5,22.562666666666729,12.283833333333458,126.03246666666671,13.259166666666754,553.26200000000017,13.668166666666567,531.57498333333342,74.248166666666222,525.42745000000002,73.085999999999416,510.37721666666658,44.367000000000125,133.56511666666682,43.419166666666882,122.00700000000005,12.234666666666659,123.46859999999994,25.258935185185202,1.191483333333337
37,74.954833333333511,182.7323333333332,68.826500000000465,177.28959999999998,15.033816666666702,15.973666666666652,175.63578333333359,20.471999999999998,145.84393333333338,17.434891500000017,260.0486333333335,3004.4750000000085,5.5,22.612833333333391,16.121000000000148,142.10246666666669,16.86649999999981,554.19631666666658,17.064166666666932,531.43319999999983,74.203999999999752,525.40123333333293,73.037499999999525,510.55355000000077,45.843000000000032,148.65728333333328,44.884166666667049,138.55209999999988,16.165833333333303,139.73081666666667,25.143587962962961,1.0897833333333384
38,75.010333333333278,182.83301666666665,69.02016666666664,177.28359999999998,15.034216666666683,19.952166666666656,175.72928333333317,24.309333333333271,145.84931666666674,17.37988200000003,260.63569999999982,3004.4390000000067,5.5,22.968333333333341,20.001000000000005,160.48646666666667,20.587500000000226,549.84736666666663,20.639166666666974,531.38230000000021,74.235833333333403,525.45403333333354,73.081166666666107,510.80356666666717,47.53483333333314,166.09726666666648,46.544833333333024,157.18868333333344,20.082166666666616,157.9834833333334,24.996939814814823,0.9759500000000042
39,74.97883333333337,182.82745000000025,69.126499999999311,177.30589999999987,15.034450000000033,24.006166666666683,175.88881666666657,28.247500000000024,145.94610000000006,17.636287500000016,261.20171666666687,3005.2810000000054,5.5,23.333499999999908,23.938499999999888,181.49563333333333,24.278499999999738,555.12519999999961,24.148666666667001,532.43604999999934,74.204999999999899,526.66281666666646,73.035833333332917,512.30034999999975,49.530999999999942,186.64758333333322,48.507833333333124,179.33149999999986,24.116499999999974,179.62216666666643,24.863611111111126,0.82745000000000213
40,85.014166666666569,181.88464999999999,76.220499999999291,176.87626666666665,15.032450000000035,7.9866666666666593,175.59065000000035,14.462499999999997,145.84043333333341,16.837489499999997,347.35936666666669,3005.4300000000048,5.5,22.364999999999906,8.3969999999999825,110.46108333333328,9.6878333333332343,747.55991666666671,10.201166666666555,712.52530000000047,84.32350000000082,706.04383333333408,83.15483333333259,683.02343333333329,49.104666666666844,132.84164999999996,47.942833333333134,110.91219999999998,8.2329999999999988,110.03238333333337,34.073078703703736,1.9356000000000071
41,84.96000000000015,181.68169999999978,76.351833333334,176.71396666666675,15.033650000000041,12.000500000000001,175.70728333333332,18.286833333333302,145.87453333333335,17.142099000000023,347.43810000000013,3005.5780000000018,5.5,22.765166666666566,12.294000000000119,125.53741666666662,13.317499999999994,743.71280000000093,13.614999999999982,709.20750000000089,84.2528333333332,703.17139999999961,83.084666666665925,680.20396666666613,50.214000000000127,145.38016666666664,49.113833333333162,126.1739666666666,12.231166666666679,125.13550000000004,33.814361111111147,1.8561166666666691
42,84.981000000000265,181.74046666666655,76.567499999999683,176.77843333333348,15.034483333333352,15.965500000000004,175.86026666666669,22.081666666666724,145.93758333333344,17.405563500000021,348.12230000000011,3005.5240000000026,5.5,23.0850000000001,16.239666666666533,142.86881666666667,17.103666666666882,742.03174999999999,17.257499999999879,707.70631666666679,84.257833333332854,701.77653333333319,83.079333333332755,678.89656666666599,51.442333333333686,160.51248333333339,50.382833333333522,143.54441666666656,16.245166666666663,142.20024999999998,33.64316666666663,1.7643833333333241
43,84.981000000000137,181.80106666666674,76.757333333333662,176.78618333333327,15.03515000000003,19.961666666666652,175.91491666666653,25.889999999999922,146.05678333333353,17.391406499999949,348.75668333333346,3004.5340000000033,5.5,23.357833333333186,20.240666666666488,162.45549999999989,20.933166666666562,740.4176666666657,20.916833333333216,707.1203666666662,84.247333333333444,701.1111166666667,83.076666666665886,678.25293333333332,52.698666666666583,178.18418333333346,51.658666666666747,163.28651666666678,20.316666666666634,161.8639500000001,33.432791666666695,1.6536166666666521
44,85.001166666666691,181.91986666666676,76.979500000000158,176.8234833333334,15.035550000000027,23.94833333333332,175.9769,29.681500000000089,146.08840000000012,17.641961999999989,349.23530000000005,3004.3750000000027,5.5,23.54616666666675,24.263999999999683,184.81713333333323,24.771166666666367,738.97868333333315,24.601000000000361,705.61726666666721,84.25649999999996,700.16915000000051,83.070666666666099,677.54610000000002,54.190166666666492,198.50496666666655,53.169000000000196,186.1258333333333,24.421666666666624,184.47643333333332,33.205513888888909,1.5206666666666551
45,94.997833333333134,180.97410000000016,82.93200000000023,176.25361666666655,15.036700000000037,7.8518333333333183,175.25553333333346,16.746166666666639,145.47898333333339,16.843144499999973,464.37173333333328,3004.5740000000005,5.5,23.635500000000008,8.647999999999973,109.61861666666668,9.9884999999999984,964.40265000000056,10.383999999999949,909.20198333333383,94.310833333334031,901.19894999999985,93.122833333332082,867.92986666666764,57.505333333332828,154.56988333333339,56.048499999999478,118.75383333333333,8.54283333333332,112.66870000000004,45.45581944444443,2.6557166666666872
46,94.988166666666899,180.86331666666635,83.206666666666109,176.00136666666691,15.036733333333359,11.942666666666661,175.55168333333353,20.577333333333399,145.5841833333333,17.151224999999997,464.6612333333336,3004.4780000000032,5.5,23.956166666666615,12.904333333333282,126.3561999999999,14.019166666666788,961.40486666666652,14.188166666666557,906.27535000000012,94.3036666666668,898.58596666666585,93.112999999999744,865.39923333333286,58.396166666667156,166.92811666666677,57.058666666666142,135.37426666666653,12.876833333333332,129.7350166666667,45.239180555555549,2.5758833333333215
47,94.986500000000092,180.91346666666678,83.515833333333205,176.01314999999983,15.037233333333358,16.030999999999995,175.56888333333362,24.388499999999972,145.73586666666677,17.431381500000001,465.17263333333335,3004.6280000000038,5.5,24.320666666666604,17.235333333333191,146.33983333333336,18.190999999999821,955.87896666666711,18.224666666666415,901.91906666666659,94.306500000000526,894.76868333333255,93.111833333332285,862.67221666666694,59.410000000000338,182.06534999999982,58.15483333333313,154.57820000000012,17.250333333333309,149.32978333333341,44.853421296296276,2.4632166666666864
48,95.039499999999805,180.93240000000006,83.867833333334104,176.10629999999989,15.037666666666716,19.966999999999992,175.63731666666678,28.06133333333338,145.75906666666651,17.372101499999985,465.91313333333375,3004.5150000000058,5.5,24.505000000000067,21.438166666666618,167.49371666666659,22.265833333333074,950.83271666666747,22.181833333333287,898.0315999999998,94.334166666667485,891.40618333333293,93.142499999999401,859.46920000000114,60.536166666666382,199.45676666666679,59.342500000000179,176.04181666666665,21.534333333333326,170.87320000000008,44.515601851851905,2.3441499999999875
49,95.076499999999797,180.9972833333332,84.193999999999434,176.15493333333313,15.037383333333366,24.049166666666626,175.84106666666685,31.868333333333297,145.82190000000008,17.650249500000019,466.43655000000007,3004.7330000000024,5.5,24.612166666666802,25.78683333333316,192.91484999999986,26.4194999999999,947.10335000000043,26.167666666666772,894.95383333333359,94.351333333333898,888.84045000000083,93.164333333332962,857.19611666666651,61.81766666666671,221.06884999999994,60.659833333333289,200.59295000000012,25.974500000000003,195.87656666666666,44.157148148148181,2.1981333333333466
50,64.885000000000431,184.90070000000017,61.520000000000024,177.55905000000004,15.032283333333353,20.464833333333285,175.43823333333333,22.885999999999942,145.53221666666673,17.372160000000012,152.90916666666666,1601.25100000001,5.5,23.353833333333291,20.600000000000222,162.56111666666652,21.200833333333502,425.34564999999952,21.417999999999786,412.82341666666679,63.975833333333796,409.55633333333338,62.624166666665936,403.24761666666632,40.841166666666531,157.5804333333333,39.829499999999683,154.44121666666655,20.594166666666606,158.09391666666662,14.393120370370349,0.75128333333333275
51,64.954666666666895,184.84788333333336,61.572166666666128,177.54409999999979,15.032216666666706,20.475499999999958,175.43959999999996,22.908333333333282,145.54181666666653,17.383742999999988,153.19284999999994,1949.5690000000002,5.5,23.429333333333243,20.600000000000222,162.47751666666656,21.201166666666836,403.78095000000013,21.403999999999783,390.99270000000001,64.063333333332665,387.86286666666683,62.677500000000109,380.93136666666669,41.837333333333447,157.89613333333338,40.731166666666489,154.72219999999996,20.599999999999934,158.28493333333307,14.455249999999998,0.56936666666666669
52,64.945833333333667,184.87496666666669,61.554999999999623,177.50119999999964,15.032650000000018,20.481166666666635,175.50576666666683,22.937833333333291,145.55158333333327,17.384776499999997,153.25931666666676,2300.5300000000066,5.5,23.408666666666686,20.600000000000222,162.55979999999991,21.203166666666835,386.29853333333335,21.410333333333131,373.36986666666672,64.073333333332826,370.3386166666665,62.700000000000074,363.1943999999998,43.201500000000088,158.09721666666661,42.00566666666623,154.94081666666673,20.605999999999952,158.34805000000017,14.482240740740739,0.39659999999999718
53,64.961166666666927,184.89250000000021,61.550333333332951,177.52276666666643,15.03255000000002,20.478333333333296,175.50006666666681,22.959166666666619,145.5756333333332,17.398348499999994,153.48190000000019,2652.2769999999928,5.5,23.349499999999949,20.600000000000222,162.49261666666663,21.200333333333511,372.16888333333344,21.403833333333118,359.21143333333367,64.080999999999378,356.11988333333323,62.707333333333423,348.67021666666705,45.053499999999886,158.20334999999992,43.700500000000133,155.02335000000019,20.602166666666594,158.31138333333345,14.525430555555563,0.22853333333333273
54,74.962333333333589,182.2939499999998,70.279833333333414,176.81719999999981,15.030250000000036,20.48633333333331,175.24768333333333,23.811499999999963,145.46676666666681,17.359504500000032,205.15771666666672,1597.6599999999974,5.5,23.115166666666717,20.505000000000017,163.23166666666657,21.145833333333599,566.60915000000034,21.29999999999982,549.73518333333357,74.067666666666113,545.23561666666603,72.714333333333229,536.28089999999963,45.487166666666276,162.36121666666679,44.379333333333214,156.84259999999995,20.574999999999928,159.73363333333313,19.473796296296268,1.3920999999999923
55,74.935000000000443,182.34579999999997,70.230999999999995,176.83638333333343,15.031116666666691,20.482166666666654,175.24121666666676,23.844666666666622,145.46094999999997,17.365003500000025,205.47000000000008,1950.4180000000015,5.5,23.28249999999996,20.552500000000123,163.24939999999992,21.200000000000177,537.06424999999945,21.300333333333157,519.53811666666684,74.043666666666283,515.07319999999959,72.702166666666301,506.02583333333325,46.365500000000111,162.74796666666654,45.262833333332971,157.23446666666669,20.594333333333257,160.03768333333329,19.517314814814799,1.140116666666662
56,74.952666666666957,182.42096666666629,70.222166666666993,176.88173333333327,15.032066666666685,20.457499999999985,175.22715000000019,23.843499999999946,145.44539999999992,17.361064500000033,205.72171666666671,2301.3900000000008,5.5,23.451000000000011,20.589333333333528,163.02925000000005,21.200000000000177,512.65266666666662,21.367499999999808,494.07171666666682,74.077999999999236,489.85964999999959,72.729333333333727,480.13824999999952,47.177166666666764,162.79760000000019,46.061499999999498,157.25090000000012,20.593666666666604,159.94046666666665,19.566310185185184,0.95121666666667049
57,74.930500000000293,182.49413333333334,70.189833333333226,176.92421666666672,15.032283333333359,20.499166666666653,175.25306666666677,23.888333333333279,145.46725000000009,17.368942499999946,205.91781666666671,2653.2290000000003,5.5,23.45249999999999,20.598833333333552,162.98598333333319,21.200000000000177,491.49753333333319,21.399833333333106,474.04551666666674,74.057833333332894,469.89395000000007,72.72933333333394,459.63295000000005,48.051333333333197,163.00868333333327,46.88916666666708,157.47941666666668,20.597333333333257,159.98198333333346,19.594787037037044,0.78449999999999909
58,74.976500000000215,182.53359999999995,70.229166666666899,176.97348333333338,15.032400000000013,20.516999999999996,175.25291666666686,23.919333333333281,145.46665000000004,17.366894999999975,206.14831666666672,3004.4430000000038,5.5,23.500166666666697,20.600000000000222,162.98748333333336,21.397333333333172,470.99479999999954,21.399999999999771,453.86355000000071,74.097499999999272,449.57273333333319,72.797833333333529,438.66938333333354,49.445166666666701,163.14173333333343,48.186166666666793,157.55988333333323,20.606333333333254,159.96361666666675,19.630851851851848,0.60646666666666826
59,85.013999999999811,181.55114999999989,78.322666666667402,176.59538333333353,15.034000000000018,20.588166666666677,175.53485000000015,25.381499999999914,145.64830000000009,17.36159100000004,284.97464999999977,1601.9620000000061,5.5,23.938166666666667,20.69950000000016,163.77186666666645,21.400333333333108,744.95218333333366,21.502000000000006,717.92991666666637,84.180833333332657,714.60844999999915,82.952666666666943,699.08680000000049,52.960666666666405,171.75193333333323,51.849333333333703,161.53685000000021,20.725666666666655,161.89776666666685,27.169578703703714,2.1894000000000164
60,84.984833333333256,181.65458333333308,78.268500000000472,176.62290000000024,15.034366666666696,20.567000000000021,175.54048333333336,25.404499999999938,145.66023333333314,17.354044500000043,285.17141666666646,1948.7549999999871,5.5,24.049166666666757,20.700000000000163,164.46618333333319,21.405833333333124,704.69800000000009,21.563000000000173,679.3201166666671,84.162166666666224,675.05801666666684,82.921666666667207,659.34333333333439,53.42950000000021,172.43106666666657,52.305333333333124,162.18883333333312,20.737999999999992,162.71906666666669,27.223171296296307,1.8656666666666668
61,84.97399999999999,181.6491166666666,78.214500000000456,176.60140000000021,15.034600000000031,20.56683333333336,175.55321666666711,25.423499999999947,145.58161666666663,17.368338000000019,285.62653333333321,2301.3290000000025,5.5,24.116500000000176,20.700000000000163,164.66226666666662,21.403666666666449,673.64408333333461,21.562666666666811,647.9923833333329,84.139166666665815,643.89930000000049,82.903166666667289,627.0528333333333,53.818000000000104,172.69718333333344,52.684666666667077,162.44481666666675,20.728999999999981,163.0205666666667,27.290027777777794,1.6131666666666704
62,84.981166666666809,181.51428333333325,78.207499999999413,176.50261666666665,15.034600000000024,20.56483333333335,175.54093333333336,25.4448333333333,145.54021666666668,17.357106000000019,285.8944166666667,2651.310999999992,5.5,24.215166666666651,20.700000000000163,164.87684999999991,21.423999999999829,645.34148333333371,21.598500000000229,620.27783333333332,84.165999999999272,615.86291666666693,82.919666666667496,598.29141666666692,54.325500000000062,172.82496666666663,53.192500000000415,162.63918333333316,20.73599999999999,163.14116666666681,27.343939814814799,1.4088666666666547
63,84.999333333333325,181.41846666666638,78.201166666666367,176.44291666666692,15.034966666666708,20.58933333333335,175.5359000000002,25.479166666666639,145.56053333333327,17.365959000000011,286.09051666666682,3002.9890000000023,5.5,24.243333333333279,20.700000000000163,164.96813333333333,21.433499999999885,619.22396666666634,21.593666666666888,594.18606666666631,84.183833333332899,589.40961666666726,82.922166666667366,571.8165166666671,55.006666666666462,173.05571666666657,53.829500000000102,162.84620000000015,20.740333333333339,163.28783333333331,27.386777777777755,1.2160000000000102
64,94.989499999999992,180.65265000000002,85.965166666666931,176.03469999999993,15.036383333333369,20.751000000000015,175.4171666666667,27.270166666666629,145.51110000000003,17.382007499999997,376.05746666666641,1601.9450000000052,5.5,24.608500000000056,21.401833333333116,167.22976666666679,22.205166666666788,959.32934999999918,22.252833333333029,920.1487500000004,94.207499999999399,915.74081666666723,93.039999999999537,894.36260000000027,60.515666666666206,186.42285000000004,59.332833333333816,170.38623333333322,21.465499999999988,167.48599999999993,35.801217592592586,3.0770333333333042
65,94.998666666666807,180.85464999999988,85.921000000000859,176.14593333333318,15.03640000000004,20.780333333333349,175.43936666666684,27.315999999999917,145.51638333333335,17.378712,376.65801666666641,1951.9580000000096,5.5,24.697333333333393,21.243499999999923,168.67616666666686,22.100000000000229,910.91708333333236,22.175000000000278,871.3424166666664,94.226166666666344,867.02414999999962,93.05666666666626,844.89568333333341,60.860833333333723,187.68121666666653,59.679500000000239,171.52723333333324,21.292166666666606,169.05386666666644,35.907976851851849,2.6671500000000186
66,94.981500000000182,180.86174999999983,85.838666666667322,176.16433333333325,15.036466666666717,20.757166666666681,175.43078333333347,27.334666666666575,145.49269999999993,17.367207000000032,377.06825000000009,2300.9990000000007,5.5,24.811333333333188,21.219833333333323,168.85471666666649,22.096166666666889,869.19051666666758,22.124000000000265,830.15921666666713,94.196833333332819,826.3544499999997,92.998833333333366,802.46616666666682,61.113166666666437,187.97223333333318,59.918666666667235,171.80076666666665,21.26999999999995,169.33586666666676,35.994638888888922,2.3641166666666695
67,95.030333333333061,180.90196666666671,85.847833333333895,176.19163333333316,15.036383333333369,20.752166666666692,175.41414999999984,27.350999999999914,145.49909999999977,17.369254500000071,377.35751666666624,2651.2569999999932,5.5,24.896999999999863,21.224500000000003,168.99168333333336,22.091333333333555,838.32438333333357,22.11450000000027,797.83754999999962,94.246000000000379,793.81508333333431,93.034166666666266,768.54554999999959,61.344333333333537,188.08681666666658,60.130666666666258,171.93391666666676,21.272499999999972,169.43598333333327,36.092041666666681,2.1083499999999988
68,95.010999999999981,180.67198333333334,85.793166666666835,176.00766666666669,15.036683333333364,20.765166666666687,175.42405000000011,27.385666666666577,145.51818333333327,17.374129499999992,377.66126666666679,3003.3140000000058,5.5,24.931166666666506,21.268833333333216,169.02346666666656,22.107000000000252,808.69561666666709,22.193166666666865,768.94853333333424,94.232833333332792,764.82979999999986,93.01033333333335,738.37023333333298,61.642166666666391,188.28501666666671,60.42900000000057,172.0634,21.295499999999958,169.45505000000023,36.157430555555557,1.8883666666666648
69,75.02849999999998,214.3188999999999,68.930500000000748,212.76285000000007,12.028550000000006,20.003,200.52858333333336,25.412333333333148,183.73050000000006,12.027400000000068,220.91023333333331,1601,5.5,23.647833333333342,20.19683333333348,183.46811666666682,20.799999999999834,565.53944999999999,21.100000000000225,549.39666666666642,74.193999999999662,548.05968333333351,72.853666666667351,535.84960000000046,48.227833333333606,182.90015000000031,47.242666666666906,178.17730000000006,20.131500000000187,180.09393333333321,20.66,1.3327333333333429
70,85.047000000000054,213.28608333333307,76.90566666666767,211.74509999999981,12.029383333333337,20.013166666666706,200.37905000000029,27.198833333333525,183.60603333333322,12.031950000000045,284.90816666666666,1601,5.5,23.699833333333416,20.138500000000239,185.0491333333332,20.715333333333369,731.69205000000011,21,710.27223333333325,84.233333333332595,704.06121666666661,82.94916666666731,696.76823333333334,53.61883333333369,189.72268333333355,52.536999999999715,181.64075000000003,20.139666666666869,182.79880000000011,26.84,2.0801666666666661
71,95.028833333332756,211.13270000000034,84.27583333333429,209.24326666666664,12.030166666666663,20.033166666666698,200.4530166666668,29.509000000000086,184.38085000000015,12.066949999999991,366.07123333333362,1601,5.5,23.838499999999925,20.257166666666553,185.29771666666645,20.9643333333333,932.0749499999996,21.194166666666845,899.06411666666702,94.237166666667562,892.66318333333265,92.996833333333228,882.1217333333334,61.203500000000084,199.95165000000023,60.041499999999722,186.62426666666664,20.257666666666704,184.63056666666657,34.569999999999993,2.9363166666666918
72,85.053999999999689,212.55723333333324,76.421166666667361,210.37725000000026,12.02945000000001,10.052666666666704,201.1953666666665,17.849833333333201,184.19496666666643,12.049816666666697,284.08935000000002,1601,5.5,23.378166666666612,10.574333333333362,140.46743333333322,11.892000000000007,733.76963333333322,12.7723333333333,708.66108333333352,84.262166666666815,703.08945000000017,82.961500000000626,694.35495000000049,52.511333333333731,148.66110000000023,51.443000000000559,137.20708333333349,10.368333333333325,138.10321666666684,27.43,2.3588499999999817
73,85.04116666666657,212.56086666666684,77.344500000000409,210.40774999999985,12.030066666666668,29.969999999999938,201.44244999999981,36.624000000000002,184.34188333333347,12.087300000000006,285.36335000000008,1603,5.5,23.758999999999819,29.514666666666667,242.84173333333311,29.237833333333118,723.2117166666668,29.398499999999888,700.77571666666563,84.227999999999611,695.91183333333277,82.904833333334167,687.31138333333342,57.571666666666083,245.32770000000005,56.397666666666822,239.82703333333333,30.005500000000065,240.52093333333329,26.43,1.6334333333333284
74,84.99866666666685,162.46464999999975,74.944333333333987,163.74326666666673,9.0247500000000489,20.012000000000057,200.94336666666675,26.734833333333281,183.96223333333344,12.03561666666668,265.47900000000021,1602,5.5,25.371333333333276,20.200166666666814,184.39121666666662,21.031666666666659,685.55598333333353,21.44866666666648,663.63445000000092,84.177499999999512,659.81294999999932,82.831000000000969,651.41118333333384,55.092833333332834,187.65033333333335,53.980500000000141,180.69221666666664,20.173500000000178,181.41853333333356,24.989999999999998,1.8889333333333331
75,84.984333333332742,126.75578333333334,71.822833333333705,130.48888333333355,6.0192000000000219,20.003333333333369,201.83501666666669,25.80166666666651,184.77830000000023,12.083816666666685,230.43713333333318,1604,5.5,25.685833333333399,20.203333333333468,184.16531666666651,21.057500000000076,610.70618333333391,21.49266666666664,593.1352333333333,84.094166666666467,589.68753333333314,82.632666666666765,581.06958333333262,55.917000000000215,184.44478333333348,54.655000000000058,179.20571666666663,20.165833333333531,180.69225000000006,21.579999999999998,1.5340166666666535
76,84.942000000000135,212.48148333333361,76.817166666667077,210.3623666666667,12.030233333333332,20.007166666666677,156.31455000000005,29.679166666666916,144.58598333333325,9.0442500000000337,285.1255666666666,1600,5.5,24.007166666666649,20.201833333333486,188.2836999999999,21.064666666666763,725.86943333333363,21.444666666666464,702.24196666666683,84.129166666665697,697.56591666666679,82.82300000000032,688.51011666666682,54.720666666667078,193.78298333333342,53.634499999999591,185.85636666666673,20.181500000000135,185.71473333333319,26.919999999999998,2.0409833333333136
77,85.042333333332891,212.42828333333307,76.947666666666763,210.28596666666687,12.03019999999999,20.044666666666753,124.89589999999998,34.496499999999962,116.49631666666666,6.031150000000026,285.33306666666641,1601,5.5,24.206833333333368,21.468999999999983,205.17821666666677,22.09950000000023,728.65799999999899,22.285499999999796,704.93221666666716,84.219500000000082,700.2073833333335,82.919833333333756,690.95668333333299,55.753999999999806,211.72483333333335,54.637000000000249,204.82511666666673,21.47366666666661,203.00836666666672,26.91,1.9226999999999934
